ba2d26f5-b208-49de-a48f-b62529754e60,Lock,Etienne,553.0,Cancelled
81cc01ba-6cf4-4e2a-80e8-ef19effc7286,Kynan,Finlay,553.0,Cancelled
ba2d26f5-b208-49de-a48f-b62529754e60,Caedyn,Daniil,335.0,Pending
ba2d26f5-b208-49de-a48f-b62529754e60,Caedyn,Daniil,335.0,Pending
ba2d26f5-b208-49de-a48f-b62529754e60,Caedyn,Daniil,335.0,Pending
81cc01ba-6cf4-4e2a-80e8-ef19effc7286,Antony,Christopher,335.0,Pending
81cc01ba-6cf4-4e2a-80e8-ef19effc7286,Antony,Christopher,335.0,Pending
81cc01ba-6cf4-4e2a-80e8-ef19effc7286,Antony,Christopher,335.0,Pending
81cc01ba-6cf4-4e2a-80e8-ef19effc7286,Kynan,Finlay,555.0,Pending
81cc01ba-6cf4-4e2a-80e8-ef19effc7286,Kynan,Finlay,555.0,Pending
