DATE,2026-05-06
491569293,2061 summer fields,Savannah,MO,64485,Mirza,Jostelle,0
GDAccount|6dc0d8ac-10ec-4dd3-9619-f9a4748c9013|8519.64|true|
GDAccount|38e7c591-e08d-4d82-95d1-1e9207aef56c|8569.641|true|

491586454,1959 falling leaf,Marysville,MO,64468,Joash,Jole,0
GDAccount|1b60e9d3-1e47-49a7-8e9e-f9714ab641e0|6102.18|true|

491511379,2681 kimbro,Kansas City,MO,64101,Mirza,Hcen,0
TMBAccount|47c3f19b-94f8-4951-bcf4-ab4e964abed7|3696.6|
TMBAccount|28d41b00-e175-4a1a-a0be-8b84fd9fc6be|3696.6|
TMBAccount|4f1d4eb8-2629-4c2e-bbf7-ae32a1e4cab0|3696.6|
TMBAccount|06190dfb-74ed-4261-a497-e07ec38807e7|3696.6|

491838704,3554 leighton creek,Kansas City,MO,64101,Michee,Mirza,0
TMBAccount|c4bb8e38-1462-4877-885e-5c1e3473c137|2347.79|

491250307,4263 great oaks,Savannah,MO,64485,Ahoua,Evan,0
TMBAccount|278ebd5b-e18a-4395-9b99-dbe9e954b100|970.15|
TMBAccount|09f0a17b-cec9-422c-809b-75e54120a781|970.15|
TMBAccount|e84b1f3b-c7c4-4f3b-aacc-c6488a0b7217|970.15|
TMBAccount|5ff6f210-4f73-461c-b30b-d6a46a20828f|970.15|

491042347,3442 mcclellan,Marysville,MO,64468,Conar,Ayaan,0
TMBAccount|71076a56-3b02-46e5-8846-94d5ee8355b3|2729.4|
TMBAccount|e4fab68a-5973-45df-b491-cc8819d5b21d|2729.4|

491224634,1883 new england,Cameron,MO,64429,Arandeep,Corey,0
GDAccount|c36dfe17-4f7a-4cb0-ac32-b390f2403b60|6565.99|true|
GDAccount|4ed6b118-c7d8-4653-bb27-508903b90b44|6565.99|true|
GDAccount|f79df14f-0a84-485d-81e4-983864e8e685|6565.99|true|
GDAccount|9ff7baf2-d6d1-4c11-9732-438f5d086054|6565.99|true|

491799146,4203 oldfield,Kansas City,MO,64101,Benjamin,Etienne,0
GDAccount|e65f7126-dab7-429b-9c78-ad2fd16d69ed|5586.23|true|
GDAccount|8800b48c-7233-4ecd-a118-62da1de3c453|5586.23|true|
GDAccount|bbbb5833-2e47-4f89-acca-ce241ebafbd4|5586.23|true|

491539751,3826 kimbro,Savannah,MO,64485,Monty,Jaskaran,0
GDAccount|9b123b12-0041-4bbb-a80b-5b197bfdce22|9712.92|true|
GDAccount|506b6ae5-6f71-49fa-b342-f207f0f0e49f|9712.92|true|
GDAccount|6c4dd32a-8003-4db5-9c3a-ebf7cc03a171|9712.92|true|

491349675,1656 cape charles,Savannah,MO,64485,Jura,Jostelle,0
GDAccount|c6e45a9c-bdaa-4b42-a547-09496859866c|9016.68|true|
GDAccount|32d1a025-7687-4c5c-8838-14acdfce26c0|9016.68|true|

491120522,4422 new england,Kansas City,MO,64101,Idrees,Haroon,0
TMBAccount|521cc345-f3dc-47f5-8d9c-be8631a071f5|1260.05|

491035542,3669 cape charles,Cameron,MO,64429,Antony,Jebadiah,0
GDAccount|2b951b9c-82d1-41c8-a273-b25a7b0b9315|7106.43|true|
GDAccount|7a4b5420-71b1-498d-a55b-afb55a98b84b|7106.43|true|
GDAccount|68f7bfd3-512e-43cd-b976-a0346f3945c0|7106.43|true|

491670697,2495 summer fields,Savannah,MO,64485,Kadyn,Cal,0
GDAccount|7e68aa01-0518-4664-af8f-d7bddbf98dd0|7577.5|true|

491201294,3722 mont blanc,Cameron,MO,64429,Diarmaid,Maddox,0
TMBAccount|26c016c5-7776-45d7-8ebb-93dd3949e066|3001.8|
TMBAccount|8cee0bd5-9c96-4e79-b092-dc65a162e94c|3001.8|

491140406,3471 walkwood,Savannah,MO,64485,Daood,Ayrton,0
GDAccount|d8fd42a7-e740-4def-b1e5-ae1098297bbb|7505.85|true|
GDAccount|96945617-6b39-47dd-9675-77402f37cc4c|7505.85|true|

491923218,4605 oldfield,Cameron,MO,64429,Clayton,Kenneth,0
GDAccount|1b5f1ce0-2d75-4ad9-9467-cc92e4aadeee|5291.87|true|
GDAccount|1267ea19-48c0-43e5-8f53-e92e5da3893d|5291.87|true|

491638379,2034 kimbrook,Savannah,MO,64485,Awais,Michee,0
GDAccount|46ac12ee-25e9-4294-8901-e2d43044ab21|5307.3|true|

491989123,1746 mcclellan,Kansas City,MO,64101,Antony,Christopher,0
GDAccount|134bea88-a1ec-4861-9199-f2b9b5fa5b6c|5367.26|true|
GDAccount|b3d4d1bc-4b6e-420b-a2ec-b9fed70a8f88|5367.26|true|
GDAccount|11a21912-b3bb-44ae-bd4f-04aa05b19737|5367.26|true|
GDAccount|109c1f21-9cb7-4178-a88b-b4902a53c05e|5367.26|true|

491997018,2278 new england,Marysville,MO,64468,Nevan,Lawlyn,0
GDAccount|f69d4875-20e0-4d23-a3ed-24c3494366dd|7468.74|true|
GDAccount|52e3ce07-fd54-498a-8396-33d54f431e0c|7468.74|true|
GDAccount|8bc9af81-2a2b-406b-b45b-577499547f86|7468.74|true|
GDAccount|fb2d8efc-4dab-4c36-8534-d43062b2ba49|7468.74|true|

491670600,2282 sweetwood,Savannah,MO,64485,Harper,Michee,0
GDAccount|bfc70165-6b71-4622-839b-d4b8965dab94|5194.57|true|
GDAccount|5b2428bd-80a3-4a4a-b5c7-1aa8cb2c50ce|5194.57|true|

491798003,2677 new england,St. Joseph,MO,64504,Gustav,Brody,0
GDAccount|27a4afcd-e966-4680-a7cc-50909d5e3639|5771.06|true|

491670472,2992 great oaks,Kansas City,MO,64101,Daood,Clayton,0
GDAccount|7276c46a-8835-4adb-b865-0356b7b18c48|9156.95|true|

491604923,1171 new england,Savannah,MO,64485,Caedyn,Daniil,0
GDAccount|3eae7d0c-2b92-41bc-9ddb-3c340fd8c82e|7141.89|true|
GDAccount|adc83e18-4f0e-441d-aa39-56ce4b0371d5|7141.89|true|
GDAccount|37c330e8-7a60-4ec2-8901-8d8f16580cae|7141.89|true|
GDAccount|ddb6a6cc-aa25-47d7-88b9-dde852368ad3|7141.89|true|

491346738,1705 bow string,St. Joseph,MO,64504,Lock,Etienne,0
TMBAccount|f08112f6-6536-46bb-a325-ce32ba82e1b6|1527.64|
TMBAccount|40c2f01b-15ba-4804-9a3c-22ca8cc03bbc|1527.64|
TMBAccount|c8df01ca-9ae9-4392-a439-8c41410f55b6|1527.64|
TMBAccount|81cc01ba-6cf4-4e2a-80e8-ef19effc7286|1527.64|

491867615,3717 bow string,St. Joseph,MO,64504,Kynan,Finlay,0
GDAccount|f3dd8f28-f540-4597-8c91-c015da49ea15|5492.18|true|
GDAccount|ba2d26f5-b208-49de-a48f-b62529754e60|5492.18|true|

